{"cameraMode":{"drawMode":0,"name":"Shaded","section":"Shading Mode"},"sceneLighting":true,"audioPlay":false,"sceneViewState":{"showFog":true,"showMaterialUpdate":false,"showSkybox":true,"showFlares":true,"showImageEffects":true,"showParticleSystems":true,"showVisualEffectGraphs":true,"m_FxEnabled":true},"in2DMode":false,"pivot":{"x":31.316207885742189,"y":23.449661254882814,"z":-105.66215515136719},"rotation":{"x":0.11077206581830979,"y":-0.0014907664153724909,"z":0.00016615798813290894,"w":0.9938446283340454},"size":52.744476318359378,"orthographic":false}